{
	"title": "home *****",
	"modules": [
		"fgta/riset/pros02",
		{
			"title" : "Administrator",
			"icon" : "icon-admin-white.png",
			"backcolor" : "#8ab0c5",
			"disabled" : false,
			"file" : "modules-fgta-administrator.json"
		},

		{
			"title" : "Enterprise",
			"icon" : "icon-enterprise-white.png",
			"backcolor" : "#d7895b",
			"disabled" : false,
			"file" : "modules-fgta-ent.json"
		},	

		{
				"title" : "Fin & Act",
				"icon" : "icon-finact-white.svg",
				"backcolor" : "#3f497c",                
				"disabled" : false,
				"file" : "modules-fgta-finact.json"
		},   
		
		{
				"title" : "Human Resources",
				"icon" : "icon-hrms-white.png",
				"backcolor" : "#6a6a68",                
				"disabled" : false,
				"file" : "modules-fgta-hrms.json"
		}               
		
	]
}

