{
	"title" : "CRM",
	"disabled" : false,
	"modules" : [
		{
			"title" : "CRM Master",
			"icon" : "icon-crmdata-white.png",
			"disabled" : false,
			"modules" : [
				"crm/master/crmmsgsource",
				"crm/master/crmmsgsentiment",
				"crm/master/crmmsgclass"
			]					
		},

		{
			"title" : "Engage",
			"icon" : "icon-crmengage-white.png",
			"disabled" : false,
			"modules" : [
				"crm/engage/crmevent",
				{"program":"crm/engage/crmevent",  "variancename":"commit"},
				{"program":"crm/engage/crmevent",  "variancename":"uncommit"}
			]					
		},
		
		{
			"title" : "Customer Service",	
			"modules" : [
				"crm/cs/crmmsgcs"
			]
		}

		
	]
}