{
	"title": "Finance Accounting",
	"disabled": false,
	"modules": [

		{
			"title": "Master Data",
			"backcolor" : "#248e91",
			"icon" : "icon-masterdata.svg",
			"disabled": false,
			"modules": [
				"finact/master/coareport",
				"finact/master/coatype",
				"finact/master/coamodel",
				"finact/master/coagroup",
				"finact/master/coa",
				"finact/master/projecttype",
				"finact/master/project",
				"finact/master/projectmodel",
				"finact/master/projecttask",
				"finact/master/jurnalmodel",
				"finact/master/jurnaltype",
				"finact/master/jurnalsource",
				"finact/master/periodemo",
				"finact/master/accbudgetmodel",
				"finact/master/accbudgettype",
				"finact/master/accbudgetgroup",
				"finact/master/accbudget"
			]
		},
		{
			"title": "Items",
			"backcolor" : "#cb6987",
			"icon" : "icon-items.svg",
			"disabled": false,
			"modules": [
				"finact/items/ownershiptype",
				"finact/items/itemmanage",
				"finact/items/itemmodel",
				"finact/items/itemspec",
				"finact/items/itemgroup",
				"finact/items/itemclass",
				"finact/items/itemasset",
				"finact/items/itemstock"
			]
		},
		{
			"title": "Sales",
			"backcolor" : "#cb6987",
			"icon" : "icon-items.svg",
			"disabled": false,
			"modules": [
				"finact/sales/orderin"
			]
		},

		{
			"title": "Budget",
			"backcolor" : "#d5895b",
			"icon" : "icon-budget.svg",
			"disabled": false,
			"modules": [
				"finact/budget/corpbudget",
				"finact/budget/deptbudget",
				"finact/budget/projbudget"
			]
		},		

		{
			"title": "Accounting",
			"backcolor" : "#cb6987",
			"icon" : "icon-accounting.svg",
			"disabled": false,
			"modules": [
				"finact/acct/jurnal",
				"finact/acct/rptledger",
				"finact/acct/rpttrialbal",
				"finact/acct/rptneraca",
				"finact/acct/rptlabarugi"
			]
		}
			
	]
}
