{
	"title" : "Retail",
	"disabled" : false,
	"modules" : [
		{
			"title" : "Inventory",
			"disabled" : false,
			"modules" : [
				"retail/master/seagroup",
				"retail/master/sea"
			]					
		},
		{
			"title" : "Inventory Report",
			"disabled" : false,
			"modules" : [
				"retail/invrpt/invart"
			]					
		},
		{
			"title" : "Sales Report",
			"disabled" : false,
			"modules" : [
				"retail/slrpt/sldash",
				"retail/slrpt/byloc"
			]					
		},
		{
			"title" : "Chatbot",
			"disabled" : false,
			"modules" : [
				"retail/chatbot/pendingfollowup"
			]					
		},
		{
			"title" : "POS",
			"disabled" : false,
			"modules" : [
				"retail/pos/main"
			]					
		}		

		
	]
}